n_digits;median(ns);min(ns);max(ns)
3;249;62;11550
4;262;223;488
5;265;82;361
6;353;64;758
7;332;78;509
8;648;92;961
9;470;81;696
10;400;97;511
11;488;458;662
12;453;94;547
13;620;594;790
14;679;175;1464
15;1174;1005;21646
16;646;592;989
17;519;129;583
18;541;122;666
19;1083;162;1303
20;823;160;1149
21;1575;255;3514
22;1247;1183;2179
23;1743;1667;1923
24;1503;207;2395
25;1562;211;1782
26;1354;270;2005
27;1382;234;1566
28;873;214;1742
29;1465;1422;1630
30;1624;244;1798
31;1847;1801;2072
32;1745;1675;1998
33;1933;242;2210
34;1825;1711;2026
35;1840;269;2079
36;1718;254;1961
37;1923;1887;2120
38;1913;1867;2102
39;394;319;7434
40;3167;373;3353
41;3291;3090;3546
42;1963;459;3622
43;3267;501;3535
44;3342;3264;3630
45;3360;518;3642
46;3418;548;4395
47;3250;492;3552
48;3289;515;4625
49;3248;3181;3531
50;3452;519;3887
51;3313;497;3668
52;551;471;3757
53;3579;539;3903
54;3726;562;4120
55;3612;532;3971
56;3700;526;4001
57;3592;537;3930
58;4293;4189;10918
59;6729;6644;15198
60;6673;836;6897
61;6768;832;7143
62;7079;859;7466
63;7029;816;7310
64;7454;7359;7884
65;7296;870;7608
66;7215;7105;7722
67;7433;926;7665
68;7378;854;7761
69;6810;809;8323
70;6888;812;7162
71;7044;6913;9209
72;7333;7191;8918
73;7649;7501;9240
74;7488;811;12331
75;7361;951;8672
76;7746;7570;9695
77;8373;8157;8644
78;11276;11103;28328
79;12118;1221;12352
80;1238;1128;12620
81;12522;1170;12985
82;12530;1132;12758
83;7141;1160;13445
84;12996;1332;25923
85;13149;1141;28305
86;13566;13415;17526
87;13288;13219;13512
88;13441;1163;13613
89;7366;1170;13729
90;14019;13856;14251
91;14219;14081;14507
92;12549;12309;14294
93;13006;1088;13361
94;12964;12774;13154
95;13148;12990;13271
96;13379;1407;13685
97;17397;1396;18571
98;17755;17601;18050
99;17902;1387;18110
100;17983;1455;21569
101;18513;1371;19974
102;9946;1326;18746
103;19248;19023;19439
105;19554;19365;19859
106;1532;1353;19562
107;19264;1427;19579
108;19826;19606;21294
109;20286;1482;20554
110;20048;19961;20255
111;21965;20281;22934
112;22230;1527;22920
113;21231;1625;34200
114;20722;1650;21115
115;20898;1696;21244
116;26904;1688;28094
117;27553;1792;33822
118;28105;27846;31244
119;27786;1737;28232
120;28267;28075;28486
121;28315;28090;30770
122;28622;28426;28968
123;28482;1714;29021
124;29239;1786;29984
125;29313;1666;29927
126;29705;1664;30066
127;29534;1748;29929
128;30063;1622;30283
129;30433;30191;34729
130;30376;1803;37489
131;30831;1799;36441
132;31155;30966;31584
133;31240;1917;31566
134;31246;1935;31944
135;33477;1974;34397
136;41431;41230;45968
137;2194;2013;43011
138;41871;1923;45072
139;41566;1965;43108
140;41413;1991;41974
141;42199;2004;42490
142;42691;2108;44222
143;45129;2109;48784
144;43941;43680;44189
145;22980;2095;44089
146;44271;2293;54394
147;44878;2141;45698
148;22988;2080;44335
149;43914;2263;50246
150;44675;44479;45059
151;45271;2242;47354
152;46116;2336;46493
153;45700;2275;47316
154;50031;46430;53138
155;56928;2452;65014
156;56106;2227;56465
157;55458;2295;57922
158;57759;2432;64611
159;58571;2354;62643
160;57505;2331;57923
161;57727;57336;61680
162;58877;2654;63292
163;59702;59316;63461
164;58649;2379;60407
165;2617;2340;60460
166;60984;60666;64821
167;59930;2621;63989
168;61606;2587;62056
169;61343;2599;62222
170;60656;2583;67167
171;62253;62070;62780
172;63406;62866;73902
173;63261;2644;65804
174;74019;2777;81210
175;73482;2737;75785
176;75434;2651;75806
177;76272;75944;80750
178;77049;76524;82177
179;75738;2673;77766
180;76544;2643;81222
181;77542;2620;82141
182;78703;78233;79063
183;78738;3001;83996
184;79286;2791;83326
185;3823;2719;83220
186;79835;2869;86469
187;78870;78258;84758
188;3070;2854;82115
189;81566;2866;82219
190;82204;2898;87361
191;82093;2911;82533
192;82028;81618;82325
193;98260;97696;102637
194;98765;98303;99186
195;96487;2768;104387
196;99018;2923;103208
197;99064;3077;109286
198;101322;3110;110756
199;101321;100832;101739
200;3291;2984;107477
201;102111;101473;104540
202;102122;3003;105151
203;103610;3019;104000
204;104292;3300;109412
205;103605;3398;105094
206;3528;3135;106269
207;105114;3320;114164
208;105260;3075;107683
209;104411;3279;105469
210;105408;105049;118041
211;106625;3273;111814
212;106857;3321;114271
213;3542;3251;124482
214;122901;3189;123855
215;123684;3383;129110
216;123379;3293;123748
217;124639;123997;156834
218;3548;3321;125031
219;126594;125930;132585
220;125949;125474;133442
221;126679;3592;127296
222;126960;3394;134934
223;127800;3613;128294
224;129418;3842;140446
225;131009;3602;139344
226;129765;3569;135082
227;130409;129959;131106
228;130279;129596;137683
229;130963;3663;137254
230;134622;131262;209472
231;165872;135110;214929
232;151015;3719;227642
233;152126;3791;159045
234;77963;3552;158218
235;155864;3684;156727
236;153752;152986;163906
237;78996;3725;164496
238;3893;3687;163361
239;156117;4373;166153
240;157884;157027;165694
241;156863;156104;164437
242;157600;3839;158278
243;158010;4125;161886
244;158819;158054;163935
245;161532;3862;170666
246;241953;4178;257042
247;236361;219976;274543
248;252987;236078;312494
249;253837;234949;270180
250;255484;5829;265136
251;224559;4826;349848
252;192760;176234;414161
253;333626;5743;351730
254;193973;4056;340445
255;184320;4093;196513
256;187119;4056;198092
257;187458;3996;194052
258;193314;188392;228595
259;193078;4414;204237
260;195699;4267;200500
261;194702;193619;206606
262;196480;4394;202531
263;195782;4436;203166
264;101111;4285;203504
265;201504;4337;218446
266;203790;203101;218907
267;194294;4312;219092
268;196300;191396;208225
269;197036;4422;207398
270;231117;4366;234244
271;230409;4304;237326
272;4521;4265;235649
273;228969;228029;244173
274;230702;4326;239591
275;232424;4528;238907
276;235262;230040;241479
277;234830;229684;241573
278;230877;4583;243128
279;234560;4649;241327
280;235758;4474;244111
281;233649;4609;244844
282;234206;4530;247506
283;240188;4528;241932
284;235994;4449;241872
285;240661;4545;246165
286;242668;236916;249191
287;238166;237249;248195
288;239712;4682;276004
289;254105;5122;273760
290;265990;4700;279547
291;266855;4613;280637
292;267185;4629;280089
293;268579;4520;281614
294;281297;4788;284927
295;271022;264667;286485
296;271781;271293;278213
297;4990;4789;278053
298;277992;4864;286451
299;271598;4913;280058
300;280917;5094;285760
301;5153;4819;289814
302;280507;4960;290048
303;277531;4937;289204
304;5284;4830;288285
305;283920;277253;291652
306;286018;279589;295590
307;282779;4987;298426
308;286163;279428;295019
309;315267;314586;331589
310;315954;5118;321473
311;317753;5184;337684
312;161924;5038;342526
313;326402;5372;337425
314;320034;317972;333257
315;322239;5216;340720
316;320541;4945;332924
317;323150;5185;349871
318;332111;5312;343276
319;336829;5358;359226
320;319152;4978;326634
321;341079;5510;356986
322;340701;5457;346439
323;319888;306447;342772
324;327951;320532;341259
325;329683;5621;348517
326;334440;329459;341102
327;338967;5680;350569
328;331179;5270;349300
329;371357;5441;387735
330;376095;5491;391019
331;377921;5588;392802
332;382666;374467;394518
333;380571;365653;393910
334;378190;5469;387600
335;380481;378252;419650
336;385697;377463;398560
337;389179;380534;397110
338;380118;5531;399504
339;381611;5525;402182
340;388321;5630;401138
341;389934;5659;401845
342;393841;384772;404980
343;391347;5664;404576
344;386250;5829;403128
345;398054;388491;408901
346;388347;6001;407727
347;440015;6124;454647
348;6069;5579;454898
349;450711;5695;481688
350;6247;5566;477003
351;452984;410742;477118
352;440133;5831;463290
353;459712;6060;472948
354;464527;464088;474226
355;6428;6001;499569
356;467403;465274;696433
357;468267;437406;490666
358;470051;421501;487471
359;469933;6301;480359
360;471715;422780;475996
361;453815;5704;485872
362;450293;422812;481280
363;437001;5766;1012558
364;459555;430282;487193
365;456336;444097;479498
366;470842;436272;481779
367;490526;5995;534273
368;504346;6020;563839
369;529611;5881;539507
370;502685;5972;544039
371;6526;6036;539392
372;536411;6228;541934
373;507019;5871;547898
374;539793;6413;555791
375;529638;6714;546642
376;521330;485371;547647
377;6582;5983;544218
378;520634;6415;549494
379;521009;509612;535216
380;524529;6257;552962
381;528596;6221;554957
382;530840;525018;554631
383;550314;525896;655352
384;516821;6269;557550
385;533626;520256;558866
386;597268;584626;612051
387;585536;6459;614583
388;614928;550538;666744
389;590910;573911;617805
390;590209;577075;621581
391;591044;6739;614313
392;7022;6571;632492
393;602495;6974;626140
394;626320;573908;647507
395;597144;7186;632411
396;604782;6488;628446
397;582476;6813;628878
398;629412;6891;640502
399;628736;563161;640695
400;633573;6760;769217
401;637366;579821;891485
402;574192;6521;620242
403;7009;6700;620033
404;617451;610847;665337
405;703903;668601;1086486
406;677789;656270;860192
407;671107;7001;703540
408;682457;670031;708068
409;672243;6841;709519
410;681670;7104;704317
411;7271;6981;699180
412;687143;7056;708138
413;688233;677845;708527
414;681914;6850;707864
415;343749;7032;709924
416;690734;685501;889785
417;700476;684531;814196
418;704327;8247;875341
419;708375;689548;742935
420;347756;6822;735629
421;706924;690668;748170
422;350451;7005;709526
423;699661;7323;740556
424;782079;7473;834009
425;763172;7401;808292
426;780941;767462;823990
427;993670;811065;1242773
428;807331;7878;1183610
429;811953;737131;906705
430;7815;7475;882529
431;787225;7372;846365
432;814938;7540;896870
433;784023;7219;831392
434;796617;7339;826325
435;790162;7422;841436
436;784751;7181;826797
437;806552;790073;836629
438;805633;7302;830245
439;800385;791191;829200
440;789988;7360;829007
441;797580;7428;828445
442;811019;7925;836453
443;795182;7469;820714
444;869438;7746;914127
445;869079;7464;903064
446;873898;7608;898435
447;885396;873940;904673
448;881018;871934;914298
449;896173;876760;913019
450;918581;7518;1320413
451;921261;839771;932712
452;895088;846373;926669
453;884552;7525;925880
454;884099;7698;912347
455;896775;888829;927510
456;8153;7588;913791
457;907566;7853;1251345
458;931059;837314;956781
459;894925;870754;954362
460;8686;7857;955940
461;446085;7761;946991
462;902935;7965;943888
463;1000419;978210;1025417
464;987664;8691;1019337
465;987058;7876;1008674
466;996922;980913;1016777
467;993683;980074;1009887
468;979471;7837;1056795
469;993338;8036;1034063
470;495881;8073;1046705
471;996565;7938;1047965
472;1002072;7832;1048445
473;1001704;8176;1050353
474;1003907;994582;1032156
475;1013388;979176;1053926
476;981156;7796;1053530
477;1017111;981619;1051905
478;1057564;8347;1303846
479;8267;7816;1052030
480;1005689;8041;1049499
481;1020508;8522;1069492
482;1101447;1092613;1137813
483;1093117;8032;1118434
484;1104743;8251;1124498
485;1111869;1086388;1138441
486;1110847;8425;1156375
487;1104999;8202;1160124
488;1116464;8388;1141132
489;1117046;8406;1154027
490;1116768;1090682;1165368
491;1122821;1114727;1149647
492;1124197;8359;1158193
493;1131630;8484;1172734
494;1125235;8549;1151191
495;1126952;8343;1177403
496;1134946;1109244;1182627
497;1143446;1133716;1164116
498;1143198;8959;1185062
499;1138585;8603;1175378
500;1152417;1139549;1180122
501;1129705;8443;1383017
502;1244725;1216294;1306725
503;1243019;8739;1294824
504;1253849;1220029;1307528
505;1238978;1222362;1282428
506;1244890;8618;1278581
507;628087;8653;1282402
508;1252583;8931;1296257
509;1259966;8845;1296003
510;1253754;8647;1314649
511;1259387;1240354;1360989
512;1263624;8894;1318853
513;1270180;8745;1436452
514;9338;8579;1304798
515;1276217;9231;1323534
516;1270282;8753;1328130
517;1270491;9011;1325516
518;1272444;8922;1336568
519;1269041;8841;1318150
520;1289960;9037;1428875
521;1392604;1314203;1435171
522;1368633;8947;1397385
523;1371113;9294;1422200
524;1374310;1344884;1438598
525;1381660;1338699;1431199
526;1371066;9002;1423362
527;1375812;9239;1422530
528;1392530;9125;1857159
529;1401486;1359775;1506337
530;1393759;9140;1443038
531;1397151;1380121;1411613
532;1406725;1378865;1445433
533;10069;9169;1420545
534;1406225;1391676;1433543
535;1410412;1398227;1451663
536;9816;9276;1438245
537;1433952;9013;1473464
538;1420437;1391144;1461275
539;1415068;1394113;1460043
540;1411051;9151;1535820
541;1534024;1469921;1607287
542;1521320;9420;1593846
543;1515771;9444;1587600
544;1528599;9166;1618817
545;1526251;9662;1589138
546;1535052;1521023;1620565
547;1551752;1481264;1614255
548;1535851;9468;1616608
549;1527430;9461;1688229
550;1539262;9342;1585661
551;1558846;1504190;1676481
552;1550794;1531970;1611524
553;1558475;1523976;1636387
554;1559267;1523746;1607365
555;1562157;1512229;1635810
556;1545808;9375;1636010
557;1576735;9794;1623127
558;1559444;9587;1622066
559;1568098;9565;1604697
560;1677406;10113;1731629
561;1690816;1670272;1752383
562;1677814;9783;1766047
563;1678194;9808;1843898
564;844262;9798;1744433
565;1692917;1676613;1733873
566;1681643;9833;1738944
567;1727946;1662473;2133853
568;1705409;10115;1766007
569;1701297;9836;1776099
570;1703259;10076;1740894
571;1699936;9943;1748125
572;1699482;10017;1767358
573;1710305;9888;1751314
574;1712634;10082;1761869
575;1711587;10152;1747102
576;10606;9945;1769236
577;1718296;10169;1759691
578;1729155;1716070;1785610
579;1875829;1792645;1956670
580;1856369;10207;1907402
581;1876397;10253;1953652
582;1866025;1848055;1924145
583;1870258;10279;1922276
584;1871823;1860796;1905091
585;1869271;10167;1917095
586;1880410;10553;1918976
587;1883490;10255;1969981
588;1878017;10054;1937921
589;1885748;1864084;1941806
590;1903585;1872019;1974574
591;1883122;10375;1940451
592;1886261;10299;1941833
593;1909222;1873930;1964346
594;1912087;10564;1956430
595;1914854;1892710;1959235
596;1915038;1887654;1948994
597;1919124;1900604;1951281
598;2029743;2013180;2079256
599;2036948;1995383;2076394
600;2038019;12463;2107510
601;2045501;2004820;2091745
602;2023850;10533;2088670
603;2047135;2036825;2111965
604;2035181;10474;2111642
605;10885;10139;2098731
606;2054953;2044292;2097199
607;2063661;2046321;2118037
608;2062039;10591;2123740
609;2059278;10811;2109351
610;2075172;10685;2137277
611;2079919;2044446;2128479
612;2068179;10798;2131269
613;11718;10755;2117362
614;2093360;10795;2129497
615;2089288;10925;2133516
616;2087184;10668;2124340
617;2243833;2227494;2283655
618;2245638;11145;2273916
619;2252201;10838;2329588
620;2264767;10874;2302455
621;2253853;10947;2337991
622;11151;10678;2289513
623;2263464;11022;2295296
624;2259637;11001;2323997
625;2282965;2259507;2318203
626;2275235;2262948;2310313
627;2259246;11001;2331492
628;11887;10950;2305381
629;12482;10880;2408597
630;11320;11061;2371873
631;2275773;10858;2342181
632;2297167;2275656;2321654
633;2313790;2283791;2346785
634;2284275;10899;2368796
635;2303152;11288;2366915
636;2387876;11572;2456181
637;2386587;11230;2431697
638;2412276;2379145;2462188
639;2403409;11281;2448534
640;2393321;11431;2452277
641;2405198;11321;2583882
642;2440542;2398455;2932247
643;2411098;2391939;2537726
644;2413811;11618;2469362
645;11989;11327;2443000
646;2433227;2376009;2555218
647;2428397;2406501;2495165
648;2434525;11619;2504475
649;12105;11540;2507158
650;2463575;11414;2489713
651;2450338;2423822;2521130
652;2499798;2436984;4320975
653;2459128;2433286;2529565
654;2462774;11682;2800330
655;1238563;11549;2556175
656;2556166;11621;2666592
657;2575824;11514;2616979
658;2569741;11269;2624447
659;2578540;11684;2650924
660;2603162;12005;2693071
661;2587099;11581;2645932
662;2609485;2548836;2651509
663;2595614;11446;2671604
664;2607551;11481;2640663
665;2615539;2585705;2675662
666;2616472;11686;2695058
667;2634784;11969;4047974
668;13600;11804;2761099
669;2629403;12031;2680949
670;2631104;11898;2710676
671;2639972;11795;2667175
672;2631867;12096;2714158
673;2642760;11701;2689323
674;2645228;11794;2685276
675;2758957;12144;2840648
676;2761931;12351;2780201
677;2756913;11819;2817835
678;2779566;12367;3111147
679;2774386;2731283;2888378
680;2779410;12241;2843585
681;2790068;12641;2816033
682;2794846;12166;2823761
683;2792533;2753601;2867964
684;2809138;2747281;2878925
685;2795388;12181;2897504
686;2801150;2763953;2872394
687;2807083;12302;2847521
688;2802842;2753313;3237001
689;2814872;12234;2901856
690;2831132;2762421;2875462
691;2828948;2800958;2902073
692;2844277;2783372;2934204
693;2831978;12308;2897395
694;2853650;2808226;2886212
695;3006852;12568;3128993
696;2992299;12324;3057527
697;3023363;2874776;3154667
698;3018630;12147;3066262
699;3042302;2990749;3820693
700;3029780;12704;3082280
701;13398;12699;3103855
702;3040545;13151;3102174
703;3051517;12677;3152755
704;3047438;3021668;3119427
705;12905;12379;3093550
706;13671;12577;3196649
707;3083648;3013556;3103740
708;3066463;12931;3192186
709;3076292;3040505;3602213
710;3073727;12566;3125986
711;3079062;3011898;3144879
712;3088412;3056249;3144091
713;3095583;12866;3786474
714;3234914;3162283;3324445
715;3247675;13934;3317133
716;3241549;12877;3326423
717;3252876;3191082;3392401
718;3256964;13333;3335439
719;3275024;12925;3353891
720;3267014;3180171;3389233
721;3259075;3172211;3336083
722;3264833;3232649;3300831
723;3262176;12747;3356400
724;3255723;12849;3385521
725;3263496;12625;3342112
726;3259488;13003;3383186
727;3301452;13070;3376524
728;3302995;13063;3348977
729;3311260;12976;3809158
730;3281756;12600;3352710
731;3316197;3260006;3366973
732;3313848;13244;3376644
733;3480513;12960;3606992
734;3512977;13172;3578350
735;3507826;13128;3634140
736;3529480;12935;3567164
737;3532507;3483373;3580324
738;3535295;3501425;3579665
739;3510286;13235;3591441
740;3543512;3516087;3587369
741;3528310;13657;3690191
742;3547747;13426;3613379
743;14579;13095;3614763
744;3538681;13714;3606547
745;3559815;13375;3631316
746;3570061;13646;3668971
747;3567375;3544927;3616702
748;3557571;13019;3632783
749;13764;13110;3629511
750;3584087;13437;3662707
751;3600704;3518668;3749284
752;3741590;3706901;3778903
753;3743292;3701862;3796512
754;3753085;3682023;4040337
755;3755691;13304;4226494
756;3764000;3721565;3828657
757;1857232;13532;3825741
758;3783585;13754;3960032
759;3788787;3742936;3826414
760;3784217;13607;3880083
761;3791502;13297;3841386
762;1871557;13713;3846595
763;3783691;13627;3909394
764;1891137;13433;3884821
765;3813037;14019;3892632
766;3815942;13923;3856775
767;3828405;3715796;3996970
768;3838779;3774424;3912726
769;1920430;13810;3910685
770;3852587;14211;3969215
771;4078771;14161;4162302
772;4120804;4070513;4189463
773;4104789;4064509;4177430
774;4119273;3999422;4290511
775;4123653;4089269;4211000
776;4148745;4076264;4274828
777;4139778;4096251;4206627
778;4133513;14365;4250787
779;4148512;4078676;4243557
780;4152983;17575;4220438
781;4169865;4096442;4313501
782;4155115;14576;4296696
783;4168374;14346;4264655
784;2081514;14405;4225339
785;4156078;14243;4281581
786;4197759;4136882;4267009
787;4184772;14101;4274997
788;4205963;14440;4230009
789;4213618;14660;4290717
790;4202962;14264;4323858
791;4356071;4314290;4425298
792;4333245;14508;4437223
793;14906;14416;4432675
794;15342;14390;4421721
795;4358227;14752;4438689
796;4357460;4285444;4516362
797;4364934;14624;4447315
798;4376949;4311339;4497038
799;4384220;14640;4471667
800;4406561;4340777;4457242
801;4399960;14608;4573602
802;4407783;15536;4460643
803;4433910;14830;4512903
804;4395702;14372;4475829
805;4404196;4355881;4496104
806;4430775;4367983;4489456
807;4441102;4373144;4513496
808;4414107;14671;4478486
809;4450507;14485;4514531
810;4711876;4636880;4795498
811;4721097;15352;4823921
812;2344793;14473;4822688
813;4691255;14941;4764227
814;4728857;4632051;4897822
815;4735731;14643;5195808
816;4722328;14846;4788805
817;4748701;14695;4829198
818;4752662;4712244;5258934
819;15546;14559;4824025
820;15852;14816;4814980
821;4771535;14737;4864787
822;4792865;15470;4852216
823;15463;15106;4832548
824;4804312;4772072;4881438
825;16201;14936;4977203
826;4789622;4670340;4865142
827;4804087;14914;4868269
828;4818131;4765714;4893665
829;4995705;15584;5037115
830;4993284;15193;5073242
831;5015716;15373;5087386
832;5027892;4973324;5110104
833;5005705;15082;5098834
834;5018878;15138;5164572
835;5151978;16090;7472881
836;5052783;15825;5167544
837;5085988;15580;5181928
838;5024473;15511;5145546
839;5051326;15530;5169005
840;16201;15249;5149253
841;5101472;5055943;5238148
842;5076740;15368;5201544
843;5102348;5064965;5281620
844;5105548;15423;5189040
845;5126941;5059562;5181989
846;5076880;15449;5173969
847;5102299;15726;5221663
848;5357227;16843;5484787
849;5346380;16500;5448969
850;5348046;5264746;5450343
851;16699;15511;5438420
852;5357337;15443;5449827
853;5367766;5329549;5494345
854;5358460;15699;5466778
855;5414576;5343331;5831258
856;5404988;5328072;5511224
857;5431150;5354596;5495165
858;5397116;16039;5514520
859;5437105;15980;5483463
860;5423619;5375273;5500950
861;5401237;15984;5518626
862;5425685;16217;5493860
863;5409078;15730;5566882
864;5445387;5399341;5515001
865;5433067;16064;5537443
866;5437955;15865;5511784
867;5485079;5445453;6052974
868;5671435;16417;5768064
869;5701409;16153;5770304
870;5663823;16366;5743268
871;5712588;16081;5800240
872;5727112;5647154;5815999
873;5704416;16051;5814590
874;5714954;16447;5792608
875;5754038;5676929;5843215
876;5706061;16074;5818030
877;5765603;5697960;5808133
878;5744962;5693559;5854722
879;5756647;16102;5867506
880;5769821;5727913;5857104
881;5788684;16750;5875352
882;5782000;16254;5829048
883;5771558;16480;5872198
884;5796022;5730727;5901925
885;5782875;16392;5862303
886;16782;16250;5853609
887;6367802;16893;6403261
888;6317056;16488;6443238
889;6361162;17468;6441545
890;6336515;16697;6415703
891;6371139;6305350;6449376
892;6369956;16383;6469897
893;16648;16183;6496996
894;6417389;6337403;6482935
895;6415104;6304475;6568591
896;6387900;16534;6494394
897;6428159;17091;6517829
898;6426994;6387183;6525383
899;6457782;16742;6550506
900;6456753;6385118;6626656
901;6449851;6375410;6718309
902;18295;17065;6584709
903;6495293;6423601;6628011
904;6467408;17015;6557527
905;6494451;17423;7142695
906;6731248;16522;6950881
907;6691863;16965;6828699
908;6730924;6660591;6858589
909;6754262;6693896;6864809
910;6746237;6662995;6809496
911;6738407;17302;6847351
912;6776719;17250;6845270
913;6772925;6696219;6815997
914;6779304;6716706;6906556
915;6804062;17504;8272046
916;6794121;6672806;6962995
917;6841652;6637793;7020677
918;18287;16910;6927281
919;6777577;17076;6910695
920;6837327;17599;6932795
921;6868190;6787331;7010806
922;6864014;17447;7028212
923;6894740;17744;6975936
924;6890260;6780257;6960796
925;6646917;17979;6789981
926;6945589;17580;7048291
927;6938906;17953;7050657
928;6932229;17421;7007995
929;6974063;18094;7056586
930;7012708;6919909;7068468
931;6998193;6897760;7097084
932;7009426;6927761;7077412
933;6994618;17920;7109338
934;6968876;17693;7121361
935;7010428;17896;7155239
936;6994751;17436;7134942
937;7014945;17431;7130888
938;18332;17321;7129061
939;7061347;6993740;7124924
940;7047115;17851;7131816
941;7025263;17758;7136377
942;7048410;17812;7275720
943;7087725;17832;7250689
944;7088836;6967013;7184095
945;7374050;18180;7525736
946;7402472;18235;7475599
947;7411249;17731;7558004
948;7424586;7383096;7558699
949;7433255;17869;7542152
950;7379353;17962;7655661
951;7442685;17973;7486059
952;7455071;7344790;7587493
953;7363428;17584;7596038
954;7451154;17983;7729247
955;7466560;7379994;7572697
956;7401274;17943;7646358
957;7512870;7369556;8018423
958;7477439;18149;7728974
959;7544653;19165;7713931
960;7501545;7410549;7618665
961;7508442;7443411;7724487
962;7534476;18300;7707453
963;7597112;7504395;9015387
964;8064326;18707;8185504
965;8084061;8019179;8260089
966;8080617;8000183;8155458
967;8113103;8022967;8243416
968;8075632;18072;8185146
969;8128571;8040257;8239525
970;8171777;19434;8280700
971;8151061;8024507;8275107
972;8131704;18374;8262690
973;8163867;18706;8272021
974;8136318;18427;8268670
975;8197121;8103535;8318262
976;8176441;18173;8364435
977;8175638;8069232;8343500
978;8203323;8094058;8301868
979;8206573;18344;8319189
980;19930;18406;8399030
981;8146033;18535;8352367
982;8169366;18356;8335134
983;8207779;18772;8337612
984;8504684;8390691;8619528
985;8522698;19119;8628740
986;8511646;8402061;9016712
987;8544055;8439913;8693341
988;8560435;8430812;8649681
989;8524056;8437317;8723219
990;19777;18445;8666201
991;8566950;8464477;8673492
992;8667132;18835;11750831
993;20590;19307;8782923
994;8702112;8527703;8764558
995;8665496;8504121;8875900
996;8690628;8508056;8835475
997;8685230;8591172;8823351
998;8678096;8571694;9227234
999;8662300;18998;8780076
1000;8703352;18965;8797926
1001;8744414;8607247;8792583
1002;8449147;8299764;8547952
1003;8767715;19439;8847564
1004;8763169;18892;8921504
1005;8851115;8690042;8897195
1006;8829305;8731524;8898714
1007;8834370;19340;8934552
1008;8853864;8635012;9380150
1009;8842250;8758681;8951673
1010;8830795;19450;8901084
1011;8856736;8745786;9399766
1012;8808192;19762;8956172
1013;8853961;19642;9020310
1014;8916735;19318;9412448
1015;8877071;8763035;8965572
1016;8910996;19532;8982502
1017;8917508;8786829;9079829
1018;8896907;19464;8969038
1019;8874194;19699;9045580
1020;8925023;19643;9022356
1021;8955425;19573;9047455
1022;4574811;19781;9298136
1023;9275237;9193803;9417570
1024;9272292;20021;9710420
1025;9308338;20405;9380736
1026;9303882;19926;9836096
1027;9322250;9250973;9726152
1028;9363025;20536;9418124
1029;9321085;20121;9445423
1030;9300478;20262;9405694
1031;9307276;20099;9504892
1032;20709;19510;9402111
1033;9358922;20360;9427792
1034;9379469;20121;9451752
1035;9387280;9305333;9459191
1036;9411796;20135;9499815
1037;9429995;9318649;9454646
1038;9436484;20338;9515362
1039;9401100;19844;9487526
1040;9438479;20144;9502816
1041;9801867;20329;9886426
1042;9825114;9666446;9921376
1043;9799845;9690661;9869641
1044;9831545;9724051;9886940
1045;21334;20249;9910242
1046;9787376;20092;9926595
1047;20861;20019;9951646
1048;9861654;20702;9964570
1049;9839340;9732266;9925408
1050;9812944;20728;9919606
1051;9881549;20882;9990463
1052;9808712;20504;10120628
1053;9907035;20434;10048012
1054;4925405;20538;10034113
1055;9940507;9758002;10030266
1056;9888988;20476;10087066
1057;9902500;20302;9968932
1058;9917288;20471;10037571
1059;9959046;9834551;10054595
1060;9869030;20438;10023400
1061;10238502;20983;10301826
1062;10186671;20799;10288978
1063;10227102;20334;10327220
1064;10237198;20814;10344298
1065;10299292;10218612;10874703
1066;10297182;21377;10714045
1067;10314938;21015;10502549
1068;10304136;10187360;10448606
1069;10356882;10226849;10624933
1070;10340470;20669;10454926
1071;10348293;21264;10606293
1072;10349232;21652;10467589
1073;10351248;21485;10414616
1074;5152119;21172;10828437
1075;10404592;20650;10540351
1076;10387928;10210895;10922816
1077;10372768;21328;10485134
1078;10395288;10249718;10476799
1079;21435;20740;10432116
1080;10867306;21469;10944624
1081;10860258;10689441;11348920
1082;10902408;22179;11254288
1083;10956084;10791205;11227667
1084;10944792;10780947;11152022
1085;10888823;21040;11024087
1086;10811798;20651;10930853
1087;10906224;21691;11333410
1088;10931473;21030;11007273
1089;10929861;10849673;11007229
1090;10916473;20938;11009278
1091;10996457;21346;11063962
1092;21811;21072;11095860
1093;10885850;21176;11094507
1094;11006480;21563;11076524
1095;11011224;21504;11119752
1096;11001625;21659;11329387
1097;10985784;21685;11117131
1098;11044616;10899398;12360087
1099;11333845;11201739;11814279
1100;11302086;11191998;11406176
1101;11303704;21658;11365274
1102;11341656;11245394;11562886
1103;11350870;21627;15225975
1104;11413871;21778;11526789
1105;11406840;11257905;11495750
1106;11408020;22208;11536181
1107;11387914;22121;11473362
1108;11441292;11319674;11542651
1109;11430121;11324712;11503591
1110;11441920;21925;11502782
1111;11480293;22048;11631806
1112;11455231;21913;11530047
1113;11465285;21866;11629990
1114;11483308;21558;11669660
1115;11495372;22167;11612331
1116;11521208;11400656;11617666
1117;22471;21708;11601311
1118;11892996;22146;12018452
1119;5961633;22251;12019179
1120;11956188;22000;12063435
1121;11967166;22066;12105859
1122;11988470;11853184;12095757
1123;12031548;22729;12146285
1124;12004628;22554;12107095
1125;22749;21691;12167596
1126;11997832;11917410;12170979
1127;12045821;22354;12119974
1128;12033222;22579;12096679
1129;12064353;21830;12166132
1130;12073812;11958277;12179606
1131;12091833;22742;12165019
1132;12074903;22214;12252823
1133;12095826;11976830;12156110
1134;12128939;11993609;12195531
1135;11983356;22136;12154910
1136;12145422;11970858;12200220
1137;12469682;22726;12525427
1138;12471025;12280657;12550897
1139;12495684;22799;12562267
1140;12479399;12374379;12553889
1141;12505804;12282518;12698839
1142;12477567;22647;12605966
1143;23390;22097;12579108
1144;12533716;12344426;12697261
1145;12545305;22904;12673812
1146;12554135;22284;12616531
1147;12523630;22235;12671304
1148;12581310;22903;12680316
1149;12595736;12442472;12720893
1150;12616838;23070;12680676
1151;12595898;23116;12702320
1152;12569307;22401;12679420
1153;12548296;22396;12693821
1154;12587869;12413521;12805603
1155;12604165;12426850;12701123
1156;12666188;23137;12827593
1157;13047706;23113;13226957
1158;23311;22661;13228113
1159;13201991;12987473;13418316
1160;13178438;23159;13605528
1161;13178054;23135;13321798
1162;13204814;13057506;13370742
1163;13171511;12963636;13312540
1164;13210856;22363;13311821
1165;13228840;23636;13313346
1166;13278873;23765;13447019
1167;13231426;22545;13347938
1168;13259597;23087;13416540
1169;13244715;22799;13364761
1170;6617504;22814;13346625
1171;13350185;13254250;13409099
1172;24394;23092;13385833
1173;13289226;23143;13546887
1174;13368844;13134739;13554956
1175;13277944;23573;13659204
1176;13883211;23131;14029568
1177;13863212;22977;14023739
1178;13897125;23071;14083789
1179;13912326;22979;14466604
1180;13938910;13754112;14158278
1181;13918443;23034;14146177
1182;13891924;22965;14114798
1183;13950667;23307;14115601
1184;13988637;23180;14112985
1185;13974966;13807665;14069562
1186;13953750;13827453;14144171
1187;24363;23137;14191340
1188;14031520;13840245;14440422
1189;14035175;13894624;14185420
1190;14077071;13921650;14249690
1191;14083903;23517;19384970
1192;14150891;24017;14278468
1193;24718;23451;14263927
1194;14137044;24204;14223777
1195;14455455;23837;14730831
1196;14370194;23562;14711264
1197;14511590;25329;14727234
1198;14486917;23866;14634858
1199;25177;23636;14542968
1200;14533427;14394361;15021803
1201;14523976;14414766;14608519
1202;25471;23800;14552347
1203;14566874;14343477;14721497
1204;14514564;24112;15202075
1205;14549161;23726;15021315
1206;14524749;24417;14662573
1207;14566661;23561;14741205
1208;14559599;24039;14707098
1209;14528334;24124;14733740
1210;14539090;23988;14787151
1211;14523374;23836;14674850
1212;14532246;24213;14755871
1213;14629788;25192;14743028
1214;14636916;24004;14780291
1215;15019940;24079;15532690
1216;15043949;25446;15282844
1217;14994242;23930;15153514
1218;15053876;14877687;15247794
1219;15024472;24043;15333207
1220;15045502;23972;15146425
1221;15070370;24595;15281378
1222;15013518;24002;15170751
1223;15084292;25189;15546221
1224;15082923;14981160;15262972
1225;15140988;24505;15340417
1226;15110887;24337;15306003
1227;15187981;24825;15272695
1228;15194802;15064890;15279731
1229;15190251;15019736;15298144
1230;15180588;15043633;15370941
1231;15219181;24392;15392916
1232;15295105;24679;15479837
1233;15317087;15224960;15653786
1234;15878216;15745861;16388750
1235;15853898;24655;16267899
1236;15737822;25063;16204795
1237;15855516;15693343;16031223
1238;7910568;24320;15928638
1239;15918195;25055;16188907
1240;15885173;25149;16016385
1241;15908835;25025;16007487
1242;15937691;25195;16125352
1243;26640;24337;16009782
1244;15945946;15805829;16100259
1245;25577;24564;16064155
1246;15944194;24775;16100471
1247;15998422;25176;16535294
1248;15969390;15888239;16093450
1249;15945789;24992;16146083
1250;16051236;25601;16276278
1251;16063750;15986684;16184956
1252;16031197;15870384;16118937
1253;15962286;24756;16157439
1254;16577200;25680;17178422
1255;16497688;24911;16667694
1256;16586809;16482833;16740536
1257;16493888;24885;16751645
1258;16660430;16504264;16799277
1259;16685706;24789;16980501
1260;16683716;25260;16822765
1261;16682550;16563043;16901308
1262;16682112;24839;16819262
1263;16646479;25074;16876381
1264;16632172;25130;16799479
1265;16689433;16556833;16847962
1266;16829990;16674965;23916013
1267;16780015;25622;17101387
1268;16796561;16688261;17072637
1269;16854291;25616;16985259
1270;16826355;16657498;16993501
1271;16871036;25291;17059037
1272;17071435;26081;17270080
1273;17110272;16982529;17268087
1274;17151775;25855;17320627
1275;17141292;25897;17262866
1276;17175828;17010123;17329196
1277;17159140;26920;17411950
1278;17169311;17085012;17295920
1279;17153885;25569;17300277
1280;17137216;17075233;17264818
1281;17132870;26202;17350364
1282;17209647;17081651;17690885
1283;17229114;27051;17401463
1284;17273328;17088408;17348152
1285;17249684;26110;17375270
1286;17276028;17209704;17434448
1287;8591331;25629;17429894
1288;17295288;26842;17852668
1289;17272634;17158762;17441740
1290;17341624;17256428;17424568
1291;17531594;26605;17780723
1292;17599831;17350685;17706936
1293;17584959;17350712;17944673
1294;17633311;17508880;17918113
1295;17676100;26961;17794198
1296;17720727;25981;17820400
1297;17702119;26341;17802349
1298;17693365;27355;17771675
1299;28622;25784;17819114
1300;17697685;25691;18057298
1301;17869737;26575;18403056
1302;17747795;26626;18138892
1303;17810293;26446;18161535
1304;17825181;26855;18183866
1305;17819677;26632;18223673
1306;17843163;27662;18188974
1307;17867575;26980;18229917
1308;17846798;26920;18236820
1309;17834835;26885;18316311
1310;18011409;17886341;18309356
1311;18671465;18508136;18935594
1312;18673026;18533193;18961195
1313;18650076;18496616;18913979
1314;18627214;18533348;19035347
1315;18939528;28693;18984008
1316;18585002;27624;18977239
1317;18552383;27062;18602501
1318;18586240;18552390;18680789
1319;18637591;27303;18706390
1320;18635255;26923;19016199
1321;18651817;27637;19024890
1322;18683597;18611468;19100615
1323;18818115;18631319;19070193
1324;9343716;27188;19051825
1325;20978267;27324;27577841
1326;19599124;18691523;20573051
1327;18763722;27950;18939007
1328;18844415;27952;19249997
1329;18799713;27728;19182436
1330;19553928;27475;19612697
1331;19596268;28900;19699747
1332;19542733;19103916;19626523
1333;19303664;27071;19663779
1334;28870;27288;19722861
1335;28648;27613;19698341
1336;19649919;19241052;19723683
1337;19657032;27759;19743182
1338;19685507;19229680;19804532
1339;19655048;27814;20686244
1340;19600242;28062;19841091
1341;19722944;19286701;19838615
1342;19663999;26891;19839379
1343;19734193;19305323;19877292
1344;19564893;27285;19985642
1345;19742282;28304;19933171
1346;19615802;27685;19851685
1347;19799361;19362690;19920605
1348;19827752;27685;20263103
1349;20161246;20114510;20189999
1350;20160382;28066;20291393
1351;20159097;27713;20358386
1352;20170369;27852;20431351
1353;20205370;27938;20719002
1354;20200898;28186;20289794
1355;19882624;27668;20291254
1356;20243822;28284;20421254
1357;20164452;27733;20306415
1358;20275337;19848903;20480756
1359;9939593;27818;20347756
1360;20307486;19857795;20664788
1361;20324579;19866546;20426119
1362;19951325;28025;20474607
1363;20361914;19877644;20466456
1364;29272;27451;20394077
1365;20342740;19894565;20677823
1366;20388932;27570;20505264
1367;20082574;27948;20565056
1368;20853451;28562;21047567
1369;20863523;28269;20979723
1370;20904229;28356;21118001
1371;20917226;28635;21343113
1372;20959857;20590836;21133526
1373;20888717;28571;20988872
1374;20747285;28248;21018361
1375;20910482;20447274;21045188
1376;21050636;28704;21177384
1377;21011327;20554310;21141184
1378;21075288;20981222;21165109
1379;21004690;28707;29110939
1380;21484810;29399;22626514
1381;21091501;28369;21544212
1382;20610871;28314;21112491
1383;20987513;20564924;21614488
1384;21089781;28637;21539309
1385;20955355;28222;21310216
1386;20982017;20641333;21337504
1387;21148180;28455;21230051
1388;22216058;28864;22691933
1389;22490455;29320;23102148
1390;22312835;22011357;22629766
1391;22425990;21983245;22596941
1392;11074565;28139;22581404
1393;22081661;28648;22564278
1394;22142737;28170;22976856
1395;22367905;22068051;22688837
1396;22427470;22087243;22627638
1397;22634434;22148899;22718773
1398;22617111;28553;22781932
1399;22403930;29192;22702213
1400;22551532;29714;22894804
1401;22637717;29600;22767196
1402;22675265;29055;22806467
1403;22450961;28770;22802037
1404;29524;28437;22747615
1405;11138953;28546;22817891
1406;22749932;22276220;22848001
1407;23408252;29008;23770276
1408;23168013;28707;23643751
1409;23504947;29464;23691664
1410;23604514;29311;23694164
1411;23371091;29233;23725841
1412;23665109;29553;24205071
1413;23626600;29175;23713675
1414;23660794;29392;23844793
1415;23589915;29308;23785699
1416;23424952;23133511;23871790
1417;23505534;28802;23851544
1418;23443429;30559;23871748
1419;23278968;29078;23855735
1420;23607003;23283947;23835350
1421;23767797;23263092;24062679
1422;23396387;28706;23912699
1423;23557912;28713;23956146
1424;23580495;28973;23891296
1425;23879103;23386581;24066662
1426;23624010;30324;23779109
1427;23670371;30030;23811231
1428;23597769;30137;24084451
1429;23630277;23594129;23730285
1430;24308352;23061608;31951073
1431;23596985;30180;24677563
1432;23701483;30329;23828402
1433;24065969;23664925;25028206
1434;25387598;32813;25897836
1435;24779633;32534;25407788
1436;24803709;33331;27779988
1437;26558692;32706;28199060
1438;24920332;33756;26707521
1439;24261422;23765986;24410339
1440;23820888;30094;24323853
1441;23771884;30012;24328113
1442;23821969;30188;23884690
1443;23852725;30018;24409611
1444;24327273;30988;24914388
1445;24006107;23932435;24570956
1446;24452219;31096;24996952
1447;24346354;23821738;24858709
1448;24362189;23802791;24523197
1449;24768760;24106241;25648871
1450;26149544;25506217;26756308
1451;24768213;31646;25856814
1452;24430622;30957;25107731
1453;24979238;31296;25597227
1454;25657389;32769;28071038
1455;26015099;33695;26410085
1456;25226680;34666;26917322
1457;25065370;31594;27122508
1458;25080460;33098;25702061
1459;24580132;30611;25172415
1460;25787604;32229;26673312
1461;25713099;32738;28324031
1462;24603414;31044;25348936
1463;24621010;31626;24787252
1464;25193935;31948;25942839
1465;27228596;33198;27923405
1466;35026;32015;27300008
1467;25978590;31758;26204942
1468;25549945;31714;26277947
1469;25540592;31347;26327828
1470;25466878;30990;25637724
1471;25507633;30958;25659429
1472;25535121;31576;25645913
1473;25552290;24978843;25763942
1474;26108740;25527329;33657751
1475;25499933;30935;25782303
1476;25632843;25118931;25883788
1477;25637020;31075;25717229
1478;25664246;25056174;25780455
1479;25651626;31377;25747366
1480;12553025;30518;26143006
1481;25737602;31742;26322155
1482;25727965;31453;25876943
1483;25692171;30911;25854431
1484;26493922;31618;26663774
1485;26228250;31253;26575708
1486;26398151;30690;26585716
1487;26603822;25995053;28493988
1488;26584869;31576;26745390
1489;26484032;31541;26958821
1490;26646084;32139;26884497
1491;26583983;31443;26762317
1492;13023575;30366;26711736
1493;26629655;25957949;26865553
1494;26738098;26134720;26874947
1495;26447686;31199;26856343
1496;26697252;31728;26850984
1497;26559548;31104;26855597
1498;26251634;30695;26843499
1499;26424455;31527;26907871
1500;26492212;32631;26895896
1501;26777106;26335159;28864818
1502;26442669;31145;26948632
1503;26606380;32061;27026973
1504;23703738;23200141;24194532
1505;23723470;32189;24216248
1506;24065434;23674261;24205532
1507;23729697;31949;24210506
1508;24095156;23701080;34051745
1509;23936482;23754076;24274423
1510;23795002;31868;24283339
1511;23830714;23729578;24254988
1512;24070673;23774904;24294439
1513;11918046;32398;25043732
1514;24330310;23839020;24420778
1515;23846900;32453;24749739
1516;23996217;23840646;24378867
1517;25265146;34546;32995567
1518;24371278;33670;24381035
1519;23978588;31972;24434365
1520;24426378;33434;24951726
1521;23999752;32339;24593914
1522;24155188;33633;25586369
1523;24178630;23736351;24197499
1524;23851263;23736691;24291694
1525;23883547;23758758;24271059
1526;24044745;23788074;24296130
1527;24122451;23730006;24229864
1528;24323964;33670;24353914
1529;24287343;23793864;24305116
1530;24094370;23821917;24321237
1531;24165134;32932;24362986
1532;24036937;33396;24379619
1533;11952007;32705;24343429
1534;24198955;33261;24374719
1535;24096146;33559;24396621
1536;33704;32498;24407441
1537;24423091;23951400;24448817
1538;24444140;34199;24765727
1539;24277204;34538;24458240
1540;24145713;32973;24461752
1541;24006782;32795;24517019
1542;25736878;33073;26079024
1543;25752976;33631;26172897
1544;25786665;33682;27216160
1545;25928652;33427;26168781
1546;26147351;25632252;26372122
1547;25856465;33495;26200610
1548;25732129;33002;26238048
1549;25868067;33555;27064943
1550;25982265;34052;26296326
1551;25739346;32954;26296924
1552;12899414;33498;27378989
1553;25858212;33428;26290691
1554;26279817;25790640;27410123
1555;26125430;25773081;26362235
1556;26123802;33429;26375108
1557;26350750;35728;27541093
1558;26070313;33648;26398077
1559;25933074;33212;27029710
1560;27329341;34936;34930304
1561;26435500;34746;27348499
1562;26477215;34447;27550930
1563;13106496;33606;26767367
1564;26586298;26196869;27720762
1565;26276937;33706;26780715
1566;26363880;33678;26758707
1567;26807272;26230049;26829944
1568;26317904;34057;35347065
1569;26258955;33731;26824187
1570;26347881;33482;26890681
1571;26295553;33410;26854007
1572;26357934;33941;26877202
1573;26387865;33460;26941481
1574;34783;33651;26866253
1575;26410991;34307;26920493
1576;26440667;33910;26988494
1577;13226696;33944;26976638
1578;13223089;34137;26979181
1579;26486368;33938;27016469
1580;26977742;26463200;27014014
1581;26932976;33589;27474000
1582;26944325;33920;27509677
1583;27169374;35100;27547404
1584;26981478;26904450;27496361
1585;35394;34212;27557445
1586;27142141;26982983;27587188
1587;27140947;27001163;27556403
1588;27086818;26999681;27579888
1589;27034934;34036;27628580
1590;27111225;34273;27633603
1591;27095616;26990068;27589939
1592;27131577;27003031;27648943
1593;27244258;27126532;27699708
1594;27163698;34312;27671988
1595;27172566;34443;27743939
1596;27179380;34246;27747379
1597;27229318;34365;27755983
1598;27707668;27161824;27756638
1599;27442318;27185871;27755121
1600;36066;34593;28049142
1601;27501944;34401;28044650
1602;27520561;34564;28045867
1603;27497003;34545;28038297
1604;27653480;34759;40654457
1605;28419468;36686;30966008
1606;27595188;27474887;28105580
1607;27644845;27535641;28150009
1608;27710315;27537517;28157537
1609;36463;34216;28110833
1610;27644313;34499;28190799
1611;27973937;27648029;28240261
1612;35455;34652;28205856
1613;27757385;34839;28242695
1614;27747770;34587;28266864
1615;27900210;35753;28276417
1616;27667599;35112;28226302
1617;27799711;35542;28290318
1618;28224659;27781742;28336271
1619;28642414;35148;29101034
1620;28691048;35730;29208560
1621;28791501;35668;29220797
1622;28895657;28669918;29275831
1623;28778880;28629824;29232508
1624;28808229;28607509;31424470
1625;28974121;28669435;29308747
1626;28889373;28686239;29325992
1627;29143806;28809305;29366622
1628;28933959;36645;29345922
1629;29378292;36386;29406295
1630;29279790;28782003;29391657
1631;29385935;36972;29439881
1632;28950460;35837;29476397
1633;29352942;36323;29494225
1634;28909440;36671;29465686
1635;29141484;35520;29495702
1636;29297282;28900781;29519803
1637;29135078;36357;29524644
1638;29621936;29258599;29837176
1639;29853048;35745;29915833
1640;29383124;35971;29848853
1641;29346422;35544;29867564
1642;30674562;38297;42053784
1643;29315130;36221;30409667
1644;29513888;36116;29928494
1645;29802289;29362609;29997720
1646;29674452;35596;30006749
1647;29586520;29373055;30003275
1648;29675889;36349;30004545
1649;29572496;35761;29973815
1650;30016121;29544691;30048503
1651;30000064;29417252;30576996
1652;30112890;29558413;30227487
1653;29764289;29444362;30101872
1654;29918317;37955;30246108
1655;30090460;29550790;30326900
1656;29631722;36485;30184943
1657;30179583;36620;30501692
1658;30233243;36345;31073137
1659;30323300;39038;30799893
1660;30542915;36950;30839838
1661;30408031;37284;30794858
1662;30199917;36218;30870332
1663;30383344;37026;30878632
1664;37803;36535;31043527
1665;30474696;37624;30941310
1666;30369340;30193440;30961044
1667;30645655;30262975;30954829
1668;30948713;36816;31045396
1669;30337460;36777;30969923
1670;15212037;36495;31063904
1671;30358563;36615;31001282
1672;30711618;30374422;31049607
1673;30497480;36896;31245915
1674;30626055;37226;31159977
1675;31060507;37863;31499372
1676;31055440;30532226;31188510
1677;31106878;37618;31446433
1678;31534989;30894126;38598203
1679;31560513;38899;32356898
1680;31054694;37151;31669832
1681;31063818;37168;31632521
1682;31438923;30899921;31726380
1683;31238400;38857;31706186
1684;31470545;39428;31741009
1685;31017533;37787;31645891
1686;30991831;37696;34817168
1687;31070022;37270;33645160
1688;31435202;30991212;31646960
1689;31138190;36883;32390734
1690;31271147;37247;31680496
1691;31643366;31126567;31773985
1692;31397190;31065258;31743909
1693;31496825;31041777;31711603
1694;31255988;36845;31805627
1695;31273498;37538;31787144
1696;33132774;36943;46523099
1697;33064572;37504;33625769
1698;32958192;37363;33593783
1699;33066503;32939235;33645370
1700;33048973;37395;33654059
1701;38012;36624;33672685
1702;33193818;32962465;33665600
1703;33215401;37547;33766475
1704;33126934;37365;33782429
1705;33131481;37640;33755568
1706;33160816;38974;33768283
1707;33320447;33117457;33849797
1708;33201119;37581;33798908
1709;33237736;38747;33851033
1710;33202091;38068;33832627
1711;33258927;37696;33891913
1712;34807369;39973;43328398
1713;33508846;38404;34108789
1714;33778864;33380970;34535834
1715;34382748;33840500;36059937
1716;33970360;33813980;34966419
1717;34328633;39409;38107064
1718;37966493;37548547;39187042
1719;37578911;41047;41785992
1720;34898372;34584894;38149638
1721;34593676;39649;35538269
1722;34597338;39246;36669002
1723;36322687;34493225;37750076
1724;34428741;33848656;34998732
1725;34561824;33881694;34906411
1726;34695292;39492;35290945
1727;34431726;33855856;35150647
1728;34398263;39030;34831316
1729;34483904;38877;34885497
1730;33991262;38053;34642636
1731;17027843;38007;34747930
1732;34502013;40129;34893204
1733;34099352;38345;34814407
1734;34559708;33983139;34934280
1735;34802247;42588;35488734
1736;34612377;37855;35270918
1737;34789244;38594;35486597
1738;41452;39687;35805831
1739;40026;38345;35429594
1740;41742;39369;35502057
1741;35190471;34836137;36125593
1742;35159372;34767469;46229832
1743;35530349;41090;41411914
1744;35398667;41882;36504307
1745;35247910;40785;35766355
1746;35068485;34810973;35911843
1748;35185562;38590;35521367
1749;35522109;39571;35556131
1750;35499491;40316;36357226
1751;35588689;35572479;36432778
1752;40564;39077;35884806
1753;35575160;35565102;36425476
1754;35885169;39908;36009630
1755;35878716;35867550;35943117
1756;35929090;40295;35938993
1757;36024586;40564;36765335
1758;36043662;35389290;36846919
1759;40743;39360;36113563
1760;36026155;35599895;36131561
1761;36013978;35451302;36035116
1762;36074716;40664;36201186
1763;36099060;40642;36233306
1764;36026652;39895;36049926
1765;36131332;36103175;36997904
1766;36135554;40985;37003325
1767;36162052;41727;37001166
1768;36187027;39685;37053457
1769;36242969;39968;37118999
1770;36243008;40639;37097436
1771;36301586;40408;36449452
1772;36099082;39757;36403815
1773;36434531;40962;45138792
1774;37440606;42094;39481161
1775;37526271;40961;37666876
1776;37478795;40565;37504992
1777;37445365;40484;37527166
1778;37533228;37522197;38561556
1779;18817015;40795;37619741
1780;37596718;41030;37618720
1781;41139;40444;37661424
1782;37649140;40547;37771110
1783;36982858;40315;37733608
1784;36875534;39891;37611504
1785;37448594;40826;37775751
1786;37137523;39559;37719536
1787;37158528;39842;37742117
1788;41213;39499;37790365
1789;37309596;39772;37761846
1790;37113410;40150;37747759
1791;37576446;39699;37839935
1792;41292;40006;37675709
1793;38188880;37691682;38360622
1794;37748658;39768;38282347
1795;38106391;37689035;38351220
1796;37739179;39900;39599152
1797;38224310;40778;39473608
1798;38106147;42201;42503641
1799;38141568;42189;40165337
1800;38132758;40186;38507245
1801;37879954;40245;52062641
1802;38241055;37828165;39163592
1803;37879157;41658;38972785
1804;38109491;41826;48078131
1805;19379340;41473;41924911
1806;38088851;41567;39573396
1807;38013775;40580;38685751
1808;38020799;40414;38735423
1809;38265717;41518;38759155
1810;38428503;41273;38772868
1811;38113766;39746;38708725
1812;38718207;40796;39331578
1813;38767858;41296;39239025
1814;38958327;41982;39395659
1815;38784030;38491399;39346961
1816;38696257;40318;39384851
1817;38861216;41424;39374826
1818;38701336;40263;39410486
1819;39028912;38694670;39375404
1820;42679;40819;39488222
1821;38883618;41259;39418490
1822;38903041;40563;39534860
1823;39148534;38748784;39526049
1824;38850215;40755;39507001
1825;38875487;41426;39704664
1826;38942256;40680;39585064
1827;38946724;41535;39559208
1828;39192164;41215;39617983
1829;39194840;38846722;39607074
1830;39243710;38874901;39619324
1831;39595803;39315702;40209696
1832;39716742;39326131;40142822
1833;39576424;41299;40148759
1834;40264331;39431372;49211708
1835;39749932;39465875;40338640
1836;39464475;41855;40277749
1837;39668166;41463;40346538
1838;19791418;41271;40299073
1839;39674645;41686;41323237
1840;40306860;39427748;40642611
1841;39543532;41501;40339549
1842;39840495;39542055;40371224
1843;39787510;39546288;40393439
1844;39771129;41444;40455639
1845;40312303;39591396;40475174
1846;39724956;41386;40439571
1847;19887069;41063;40487662
1848;43237;41834;46558865
1849;40100147;39724749;40517625
1850;42207756;41797;43004586
1851;42163729;41646;42955182
1852;42158984;41290;42943665
1853;42570314;42220825;45014414
1854;42308100;41884;43029409
1855;42376102;42066;43063738
1856;42701042;42183342;43132322
1857;43379;41460;43089183
1858;42726077;42121;43126805
1859;42367788;42017;43157217
1860;42513542;41443;43186400
1861;42364367;42314;43187892
1862;42466742;41725;43225665
1863;43319604;42536733;53727033
1864;43151570;42435249;43346791
1865;43142102;43247;43303204
1866;42658698;42363249;43298442
1867;42520642;43760;54249839
1868;49498621;48081;74248490
1869;43453357;43297;47282587
1870;43203715;43087;43955525
1871;43390;41997;43926337
1872;43286395;43024879;43977193
1873;43272695;42220;45112202
1874;43231388;42636;44204228
1875;43493438;44878;44275249
1876;43845987;43234;45060275
1877;43383551;43234;44348239
1878;43822133;43144;44183293
1879;43916;42174;44188065
1880;44016196;43335881;44158194
1881;21658554;42277;44148253
1882;43646143;47267;44176707
1883;43750482;43319753;44260645
1884;43346574;42194;44288963
1885;44249468;43433;44377680
1886;44304006;64785;46471435
1887;43743973;43496532;44438209
1888;43805154;42751;53894060
1889;44294894;43918509;44901059
1890;44432698;43685;46186181
1891;45947703;44091845;49089052
1892;44942125;44427;49495658
1893;48335613;53191;56197070
1894;45104266;45270;47130667
1895;44944689;45036;53077992
1896;45141473;44193483;50804862
1897;44542694;43745;45069771
1898;44321710;43176;45096255
1899;22289646;44055;45162494
1900;44894627;44342056;45144361
1901;44361437;42923;45188406
1902;44944;43708;45164409
1903;44630751;44262553;45196023
1904;44437631;42848;45245930
1905;44882705;44394702;45278306
1906;44875;43118;45287532
1907;44816231;44392159;45317623
1908;45095994;43500;45713236
1909;45237070;44825073;45805195
1910;45298448;44386;45856688
1911;45491620;44858230;46045693
1912;22536067;42943;45861158
1913;45897883;45128397;58149988
1914;45502466;44237;45857870
1915;44949982;43632;45908992
1916;45092178;42790;45872722
1917;45273309;43597;45989315
1918;45131489;43100;45974422
1919;45355576;44036;46754247
1920;45170007;44657;47039991
1921;45395593;44978787;45995144
1922;45293199;43799;46346031
1923;45287187;43494;46530141
1924;45666803;45121358;46857525
1925;45645601;45105886;47283458
1926;45650571;45125079;46990293
1927;45302271;43902;46771431
1928;46264579;43707;47360971
1929;46291045;44035;47815019
1930;46585422;44659;47327232
1931;47208952;46375944;48133000
1932;47200665;44891;48533754
1933;46445122;44271;47310153
1934;46525683;44096;47292350
1935;45586;44085;47856307
1936;46804997;46558166;47525397
1937;46679809;44735;61351638
1938;47390198;45519;51874829
1939;46784427;44047;47393406
1940;46710103;44284;47494527
1941;46826052;44529;47492676
1942;46999234;46537282;47482441
1943;46613810;44660;47539658
1944;46997509;46598779;47659097
1945;46974886;44938;47521957
1946;47128249;44621;47623378
1947;47943225;47129974;48168950
1948;47616560;47284763;48173480
1949;49005;44870;48197036
1950;47504263;47185122;48230059
1951;47649780;44596;48794543
1952;47482563;44868;48165452
1953;47483034;44114;48223834
1954;47665072;47340640;48405193
1955;47507761;47256854;48311138
1956;47715891;44636;48295481
1957;47604299;45190;48508879
1958;47615063;44221;48454648
1959;47754371;44781;48443849
1960;48074452;47411464;57406174
1961;48484209;47534972;51985172
1962;47824551;47492888;48397501
1963;48268832;47625210;48847607
1964;47707803;44967;48480084
1965;48340335;45542;48474786
1966;48394314;45762;49090412
1967;48329366;45671;50333092
1968;48474528;45672;49305926
1969;46348;44966;49216582
1970;48989282;48305674;52616382
1971;48434576;44509;49370190
1972;48583209;48349301;49269447
1973;48593379;44834;49925151
1974;24294589;46119;49303793
1975;48574568;45998;49515414
1976;48959478;48520774;49743089
1977;48801978;48516288;50958913
1978;48943995;48580533;49675934
1979;48797007;48528751;50079496
1980;48961714;50114;50486688
1981;48804132;46467;49521715
1982;48825542;46326;49637561
1983;49622938;45836;59116736
1984;48774773;45232;49601350
1985;49384405;45749;50520553
1986;49960195;49336673;51595866
1987;49770356;46820;50377669
1988;49506495;45438;50556063
1989;49559733;45176;50548328
1990;49850498;49497218;67255026
1991;49868622;45736;64621677
1992;49855969;45933;50496828
1993;49690979;49382555;50483508
1994;49724190;46574;50600568
1995;47399;45742;50345599
1996;49792957;45766;50599447
1997;49712078;45515;50604236
1998;50102338;49709578;50718353
1999;50122174;47578;50717699
2000;50053685;49846059;50802435
2001;49915666;46075;50620163
2002;50762482;49792365;51621510
2003;50322024;46732;51112879
2004;50027114;46918;50745662
2005;50590038;45829;54301732
2006;51562626;46266;64522232
2007;51139488;50526407;51868390
2008;50823144;46416;51736036
2009;51282846;46734;51804850
2010;51250112;50734834;51845424
2011;51181679;50697091;51808155
2012;48218;46579;51830151
2013;50944021;46397;51879668
2014;51829309;50958096;52052862
2015;51570473;46050;55682315
2016;62028;47904;57731510
2017;52062350;48823;55735411
2018;51608271;46802;55183637
2019;55352672;47025;57157957
2020;53675216;48211;61684498
2021;53315923;50975;62873650
2022;52962506;48759;54517931
2023;51430230;47672;52168138
2024;51883887;47281;52628075
2025;52076204;51596542;52688998
2026;52223634;48373;52771333
2027;52416482;47718;54414846
2028;52780325;48197;66463804
2029;52229881;47292;52861684
2030;52227315;51641526;52976553
2031;51767623;47683;52725265
2032;52063419;48039;54203595
2033;52261119;51713141;52803661
2034;52271961;47320;52863271
2035;52609250;51866595;53009087
2036;52144754;47136;53075918
2037;51999533;47084;52943614
2038;52633263;46990;53093418
2039;53051181;51950024;53082994
2040;52371679;46968;53033836
2041;52366825;47537;53053888
2042;52524774;48568;53140294
2043;53379087;48978;55076973
2044;49044;47263;53893016
2045;53420401;52722791;53916973
2046;53130623;47932;53996625
2047;52994479;47503;54007139
2048;53242866;52860468;54031454
2049;53131016;48561;63836212
2050;53963528;49337;54008143
2051;53025096;47611;54363471
2052;53152872;47337;54199892
2053;53311393;53003047;54181699
2054;53459455;52977074;54176938
2055;53154177;47948;54355270
2056;53954282;53152816;54853017
2057;53827690;53085151;54312381
2058;26595792;47214;54162551
2059;53906810;53161951;54349250
2060;53603350;53178884;55410735
2061;54452020;51348;56637180
2062;53676470;53175439;54420534
2063;53647650;48703;54482509
2064;54020216;48680;54773860
2065;53925763;47738;54902641
2066;53739482;48226;54644731
2067;53895314;48434;54912792
2068;54014102;49348;54823028
2069;50027;47570;54927966
2070;54580613;47870;62007331
2071;53907119;48244;54911895
2072;54261676;53763583;54945841
2073;54572167;53837334;55073525
2074;53992940;48307;54955850
2075;54426036;53945909;55072809
2076;54105917;49395;55045857
2077;54177692;48026;55199838
2078;54178103;48647;55029376
2079;54441915;53922409;55104996
2080;54208776;48343;55200053
2081;54624098;54124366;55317032
2082;54408625;48577;55381739
2083;54693914;54154304;55226163
2084;54878742;50438;58287792
2085;54357173;48408;55409080
2086;55027700;50924;61962374
2087;60907380;57414854;62738217
2088;56050150;50724;57653041
2089;55955277;51101;66125017
2090;55472368;49217;57238038
2091;59298366;51220;62487557
2092;55582276;54454237;57351240
2093;55741860;50002;56376223
2094;55679863;50039;55725365
2095;55688571;50271;55717943
2096;55086239;50006;55768350
2097;55236041;54678021;55844824
2098;55463267;54836517;55898511
2099;55201908;50080;55817270
2100;55517835;50429;56040201
2101;56293475;55516731;56668130
2102;56574486;49261;56654510
2103;27764873;48372;56673556
2104;56095979;49477;56843808
2105;56238008;55618908;56811259
2106;56418466;49908;56842650
2107;55779271;49341;56979411
2108;56592016;55743582;71650365
2109;56700990;49140;60453864
2110;55726514;49656;56952854
2111;56646168;50878;57113855
2112;56715937;55788022;57128459
2113;56507472;50134;57042446
2114;56223577;50466;57196463
2115;56748381;51397;57293632
2116;56896727;49658;57278645
2117;56787371;55946336;57306578
2118;56347088;50000;57276118
2119;56605785;49596;57385906
2120;60588;50309;57976266
2121;57384593;52472;58037042
2122;57146373;50590;58130493
2123;56950575;50785;58005816
2124;57351899;49952;58044777
2125;57682365;51335;57986028
2126;57590238;56851185;58259524
2127;57821301;56768625;58175788
2128;57173553;50144;71756244
2129;28547661;49860;59509975
2130;57179511;50085;58178917
2131;57576019;52260;58323815
2132;57185172;50237;58202163
2133;57481600;50299;58258325
2134;57709174;57047305;58290877
2135;52277;50098;58407335
2136;57713585;50794;58325781
2137;57807241;57104515;58438392
2138;57681278;51040;58634036
2139;57714614;51335;58452960
2140;58447545;57735267;59048777
2141;58191096;50146;58909592
2142;58801475;57780180;60103311
2143;59276244;58072291;59626859
2144;59108292;52111;59561699
2145;59082773;53213;60550239
2146;59400962;53462;59815267
2147;59759419;58905702;70634618
2148;59516314;56328;60991255
2149;53986;51531;59781433
2150;59451546;59414540;61638060
2151;59408684;52332;59888831
2152;59503566;53581;59917257
2153;59494346;52693;60096212
2154;59616402;53386;61004954
2155;59451528;53191;59950488
2156;59552087;58342140;59990313
2157;59498747;51798;59600644
2158;59466723;59011286;60543821
2159;62111989;52167;62216778
2160;62065672;52102;63600910
2161;62176874;62155708;62321341
2162;62127994;52168;62232229
2163;62189476;61949203;62309332
2164;61533577;50972;62354276
2165;62225683;54107;71341944
2166;61746369;53184;62759190
2167;61647543;61058827;62371483
2168;61577745;51619;63047270
2169;62043490;61058178;62902469
2170;61832237;54999;62487788
2171;30692295;51461;62592773
2172;61729115;61202660;62406868
2173;65579247;61414201;71808919
2174;65711737;58589;76632806
2175;62535046;61226135;63424951
2176;62332058;53908;62616833
2177;61761456;50914;62584502
2178;61901468;51723;62657417
2179;61500735;60780570;62615453
2180;53986;52109;61905503
2181;60844244;51708;62058450
2182;60863556;53177;61964283
2183;62182749;60963324;77116605
2184;61404165;60866589;62200876
2185;61563690;54826;62220531
2186;61473025;51582;62329736
2187;62070378;53147;64255036
2188;61821184;61009778;62408213
2189;61571834;52976;62382254
2190;61617546;52068;62347038
2191;61636545;60988149;62465837
2192;61803543;52106;62456299
2193;55813;52361;62424518
2194;61445560;52167;62409808
2195;30627201;51905;62545730
2196;30629232;51939;62548300
2197;62574682;54412;63677504
2198;62636201;62167492;63518041
2199;62903335;62147810;63496960
2200;62825039;52470;63525276
2201;31116040;52926;72841827
2202;63084268;54071;65193820
2203;62966725;53038;63959789
2204;62981197;62355963;63854741
2205;62429192;52454;63678545
2206;63001076;53246;63649273
2207;63527053;62498712;63789755
2208;63222532;52426;63789102
2209;63254585;62425929;63758037
2210;63157599;54639;63736495
2211;63539893;62486594;63806764
2212;63546731;62480815;63910907
2213;63296958;54203;63960836
2214;63367046;54933;63896848
2215;63532444;62728656;63942400
2216;63634733;62564216;63878900
2217;63339090;55018;79609458
2218;63143003;53096;66189310
2219;63125381;54747;63858393
2220;63717301;62859231;64030189
2221;63730524;62514630;63869590
2222;63178909;52863;63895738
2223;63772492;62594861;63882402
2224;63836037;54013;63967852
2225;63908422;54378;65140949
2226;63893247;53820;65425473
2227;63871449;62725479;63996294
2228;63865175;54324;65395207
2229;62906965;54301;64095613
2230;63979674;62878955;64086679
2231;64061936;55109;64441483
2232;63213007;53257;64155426
2233;63649363;54227;64113738
2234;63780402;62824873;64145650
2235;64141667;62813845;75817068
2236;64686107;53163;65641256
2237;64808628;54361;65519636
2238;65252064;54296;65634940
2239;65507650;54740;65666340
2240;64471167;53683;65631182
2241;64736160;53473;65626738
2242;65405943;64204104;65743754
2243;65297174;64590223;66119766
2244;65343957;54105;65778469
2245;65269816;64263067;65717005
2246;64398004;53526;65809581
2247;65199266;53936;65881579
2248;65421134;64315195;65798314
2249;65814609;59077;67420276
2250;65467030;55383;68478727
2251;70095105;68292170;80700711
2252;68111686;65909599;70485103
2253;66069253;58310;69853149
2254;69234445;65512816;72796083
2255;66452235;55560;67805663
2256;66866315;56596;67895620
2257;66803032;57705;67202777
2258;66834593;65507268;67024234
2259;66858647;57028;67366424
2260;66859945;54948;66994619
2261;66245350;55385;67087225
2262;71092055;65643797;88566165
2263;70455130;66938224;87729247
2264;66964115;56018;70146283
2265;66808949;55553;67151613
2266;66970061;65787951;80969996
2267;66611687;56136;67137295
2268;66838990;66003246;67524290
2269;66713065;54957;67124963
2270;66959174;66180933;68574670
2271;66748418;55632;67719757
2272;67290078;55805;77944842
2273;66807471;55457;67452638
2274;67120839;66545510;67427361
2275;67492911;66782171;67744109
2276;67687114;66887171;67825346
2277;67901659;56375;68146432
2278;67716266;66816050;67913465
2279;67346115;55093;69596444
2280;67912932;66784915;68761136
2281;67908724;56326;68188777
2282;68091757;56346;84608934
2283;67918025;67366771;68483532
2284;67688178;56219;68464990
2285;67869819;56384;68114525
2286;67857024;67334086;68135197
2287;67862672;57334;68198461
2288;56882;55107;68230123
2289;68000381;55255;68437007
2290;68201454;56647;69509463
2291;68061235;67382750;68390466
2292;68116844;57473;68508136
2293;68463188;56323;68837496
2294;68692981;68259694;69039862
2295;68798213;68165964;69013367
2296;68780091;67999880;69251377
2297;68975337;55969;79948151
2298;57246;55485;68942095
2299;68765181;56787;69026705
2300;68885025;58468;69358476
2301;68956007;57172;69216562
2302;68614593;56339;69118917
2303;68634900;56011;69340081
2304;69092303;56516;70079139
2305;68949600;68149538;69499411
2306;69071459;68210169;70848916
2307;69001005;55719;69611648
2308;68885675;56186;69565161
2309;69053256;57823;70353318
2310;68744227;56361;69604847
2311;69030014;56961;69698071
2312;69267413;55545;69534229
2313;73226169;73033837;74359468
2314;73212577;72187500;87863007
2315;72983813;57374;73537487
2316;73310640;58502;74485278
2317;58164;56606;73408832
2318;73283019;55973;73751347
2319;72678678;56932;73720351
2320;73070417;56204;74760887
2321;73251427;72541573;73563864
2322;73106504;58361;73599929
2323;73249656;57241;73741203
2324;36469434;55375;73595514
2325;72954012;56059;73795480
2326;73248847;57733;73784099
2327;73197083;56895;73678982
2328;36554098;56436;73815096
2329;73363742;56014;73802653
2330;73550526;72657884;88297136
2331;61006;57078;73769416
2332;73924017;59699;77420308
2333;36789842;57158;74270923
2334;74068936;73421866;74446327
2335;74355149;73627625;74641527
2336;74099497;58556;74533328
2337;73871648;56998;74383936
2338;74168754;59106;74596676
2339;74171404;73438783;74532114
2340;74409395;74070296;74718949
2341;74359026;58009;74818672
2342;74178371;56676;74605436
2343;74086427;58349;74768358
2344;74367569;73785051;74852002
2345;74479696;73781742;85484239
2346;74141388;56188;74788372
2347;74465030;57510;74883768
2348;74452787;73900683;74862748
2349;36784050;58606;74746128
2350;74642812;59255;74933274
2351;74693474;59775;74962006
2352;75252057;74488203;75753748
2353;75364818;75181584;75572075
2354;75373269;59289;75617761
2355;75442331;58254;80983788
2356;74795593;57672;75702983
2357;60321;57797;75738517
2358;75740526;74554573;78483173
2359;75051435;57805;75812260
2360;74998570;57422;88220465
2361;75420113;74455574;79739056
2362;74887849;57949;75967640
2363;75524425;57739;75920406
2364;75669020;75351979;75973148
2365;75667325;74818520;76064882
2366;75540601;57370;75881446
2367;75620834;59569;75971161
2368;75533894;57871;76038883
2369;75625734;74634048;76203099
2370;74780346;57288;76021052
2371;77527758;57534;77952280
2372;77622320;59463;77951834
2373;77636527;77179080;78074314
2374;77765633;76828602;88963744
2375;77702091;60341;79428550
2376;77893703;61168;78277154
2377;77809991;57998;78227934
2378;77260717;58875;79181172
2379;77756593;58029;78240779
2380;77561432;57349;78130168
2381;78106767;59440;78384416
2382;78089718;57999;78495058
2383;78070608;59509;78413483
2384;78087770;77332053;78385228
2385;77926793;77030359;78390078
2386;77941392;58661;78568851
2387;77970136;77178665;78339350
2388;78104630;76964235;88370690
2389;77369169;58604;78960745
2390;78497690;59238;78964361
2391;78779271;58196;79201191
2392;78855353;60591;79293219
2393;78837510;58365;79276726
2394;78687654;58014;79298418
2395;78823684;77969931;79276425
2396;78950774;59705;79412847
2397;79144426;78458204;79504973
2398;79150002;78459372;79631717
2399;79209353;78302056;79482694
2400;79237797;59277;79610230
2401;78777825;58493;79613581
2402;79437280;78687490;92799945
2403;79170950;60056;80722723
2404;79156410;58644;79599979
2405;79164115;59632;79632567
2406;79380781;78719911;83699534
2407;79679690;79641683;80852208
2408;79665326;78571079;80311204
2409;65468;60194;80470505
2410;39520142;60041;80620996
2411;80116333;79334245;81227170
2412;39564765;59388;80179989
2413;80103582;60596;80704615
2414;79890729;59154;80672380
2415;80191337;60886;81238849
2416;80301144;79728668;94354790
2417;40182271;60277;85866068
2418;80337462;79284525;80577504
2419;80386589;61277;80473746
2420;79838524;59904;80447107
2421;80502585;61338;81040169
2422;80570252;61343;81509169
2423;79676450;59298;80680230
2424;80253102;61078;80535568
2425;80351908;61177;84332639
2426;80117178;60049;80859713
2427;80405169;79339731;80979876
2428;81191564;61360;81901505
2429;81100551;80340448;81569948
2430;81450119;80831843;97173154
2431;81356294;60582;81730590
2432;81664626;80874528;81837412
2433;81552752;80990065;81796617
2434;81421507;81172278;81557482
2435;81334905;80577105;81889032
2436;81559098;62029;82636449
2437;81616337;80679895;81942744
2438;81150229;59476;81901735
2439;81347744;60909;82385078
2440;81533037;59515;82255419
2441;81671751;80922220;82426994
2442;81816038;61317;92699252
2443;65521;59776;82517316
2444;81712056;59904;82185068
2445;81902332;60627;82228486
2446;81883416;81382416;86507485
2447;82900577;61435;83838080
2448;62829;60501;83373603
2449;82946579;60362;83646027
2450;83116796;61500;90413481
2451;83096942;82621558;83377443
2452;41421614;60049;84937206
2453;83153950;82614991;83430582
2454;83113808;61463;83881957
2455;82984545;60934;83652157
2456;41392502;60559;84224813
2457;83187222;60918;83690758
2458;83322358;82489230;101511927
2459;83390826;61222;84345190
2460;83470001;82710022;84031190
2461;41431471;61517;83938656
2462;83604529;61112;84740295
2463;83649476;61381;84025177
2464;83559345;82344020;84021902
2465;83657876;82672785;90151569
2466;83708966;61194;84039969
2467;87205296;86410676;87492984
2468;87157855;86277472;87865252
2469;87213381;62508;87587686
2470;87124092;62455;102252794
2471;87001726;60775;89486704
2472;87342090;61637;90089241
2473;87364541;86652852;91254739
2474;87387457;86489033;87906264
2475;87391170;86828301;87852114
2476;87425263;62259;87817343
2477;87493030;87296730;87798993
2478;87665177;87484001;88147609
2479;87484449;63376;87737042
2480;87352122;86337102;87957079
2481;87841382;86832827;91729841
2482;87792903;86602336;105338584
2483;87689074;87465186;88461684
2484;87760067;61914;88169320
2485;87862546;86981386;88089098
2486;88571733;88055691;88879988
2487;88732642;88109082;90216473
2488;88888598;64691;89432205
2489;88711136;87987749;89501155
2490;88776226;62285;89280338
2491;88995273;62573;89265930
2492;88852741;63970;89172518
2493;88942773;61569;104122396
2494;88852493;88090538;89142321
2495;88723910;62273;89024379
2496;88773093;61866;89179908
2497;89138870;61633;89341034
2498;88958892;88662664;89256212
2499;89232779;62004;89666041
2500;89141155;64324;89412664
2501;89026245;64010;89313380
2502;44256083;61581;89419059
2503;89108790;63199;89639860
2504;89330095;62287;89672103
2505;64621;63168;90184445
2506;89840910;89077948;104624706
2507;90018269;89353130;90287311
2508;90095865;89178064;94326385
2509;90067507;63781;90569624
2510;45044769;63765;91540099
2511;90273051;63543;92232461
2512;64224;62091;90250884
2513;90060905;63501;90313277
2514;90036085;89682011;90364447
2515;90098343;62425;90464751
2516;90201542;89352809;90462000
2517;90312268;63816;90525103
2518;90400320;90055900;108684328
2519;90718803;65662;96273117
2520;90497196;64233;91446072
2521;90309278;63678;90585892
2522;90630043;89824764;90893595
2523;90478205;63720;90890013
2524;90504083;90229359;90675147
2525;90934115;62703;91658700
2526;90988842;64313;91572347
2527;91225876;90926629;91631491
2528;91353466;63073;91686935
2529;91501789;91224386;91962444
2530;45395519;63769;92169480
2531;72558;64211;106536644
2532;91519364;64340;91974231
2533;91467767;64247;94421277
2534;91446819;64568;91820820
2535;91630784;65604;91974257
2536;91576090;65133;91905939
2537;91701684;64463;91990505
2538;91535467;62690;91955403
2539;91743375;91397232;92041091
2540;91579319;64367;92592796
2541;91581328;63875;92360178
2542;45581625;63861;92183432
2543;91776610;63386;92228020
2544;93002304;92722343;111397676
2545;92934120;92161928;93381073
2546;46432007;64627;93150022
2547;92814117;92338848;92997617
2548;92693343;65233;93126305
2549;92934230;64379;93192410
2550;93181528;65341;93538534
2551;93070545;63967;93373679
2552;93168511;92315307;93376585
2553;93202136;65250;93488445
2554;93039146;65485;93258636
2555;93080925;63963;93493378
2556;93340225;64091;111623767
2557;93225438;65737;98942320
2558;93480327;93028795;93895529
2559;92948326;92213649;93279557
2560;93335758;63535;93907115
2561;93412926;92672559;93705312
2562;93394212;65096;93774489
2563;46730482;64007;94095692
2564;93657203;92993586;94139870
2565;93833965;93263875;94051325
2566;93861085;64719;94189939
2567;93889300;65208;113589349
2568;94082938;66220;96523315
2569;93940089;65337;94268269
2570;93954065;64481;94438448
2571;94154442;65903;95330620
2572;93913666;93708971;94565362
2573;94315087;67102;94702801
2574;94183562;64917;94807295
2575;47042468;64620;94621933
2576;94192245;65587;94483538
2577;94153269;65861;94612671
2578;94428382;66148;94784338
2579;94421772;65651;94857490
2580;94766528;94378354;114893484
2581;94877853;66878;95693084
2582;95444168;95207942;96263897
2583;70916;66860;97641841
2584;95590803;95226007;96083084
2585;95390767;66730;97214636
2586;97260468;68111;115557247
2587;103904915;72129;118275177
2588;104027478;74133;114975319
2589;99985595;68852;114236686
2590;98259810;94436097;101747405
2591;100462528;68719;135162987
2592;105013239;78069;134115133
2593;113164994;89484;140179756
2594;96329111;94095490;106715228
2595;98489869;66835;103457126
2596;116116097;79186;155715507
2597;94799896;66618;99629935
2598;95507906;69813;96144437
2599;95547779;67104;95800514
2600;95451125;65277;96106892
2601;97702953;66070;98671026
2602;97707464;67459;98011806
2603;68480;65137;100873443
2604;97768944;97357457;98716982
2605;98041739;65846;100331234
2606;68695;65848;98280822
2607;97852468;97662193;98345784
2608;97760868;67221;98213282
2609;97961876;65930;98351503
2610;98052510;97807207;101003709
2611;98212391;97999880;98915818
2612;98365282;67963;99687181
2613;98595697;98075728;108845012
2614;98461132;97935596;105295004
2615;98550923;65591;99117065
2616;70113;66341;99275260
2617;98487003;68364;99751848
2618;98628755;69565;99436077
2619;98540868;98201681;102952118
2620;98496757;66255;98908651
2621;101638524;66766;102518123
2622;102069963;67193;102667180
2623;68201;67344;103000752
2624;101903427;101574851;102251507
2625;101904484;101584945;102143298
2626;101734364;65990;101983323
2627;101931474;66130;102311420
2628;101858674;67950;102071659
2629;102076177;101835218;109735241
2630;101881672;66248;102126263
2631;69092;67222;102542159
2632;102107487;67225;104550981
2633;102287651;101897978;107248429
2634;102011526;66479;102415515
2635;101913948;66386;102236479
2636;101930546;66402;102308914
2637;102304098;102124488;103230397
2638;102141056;66758;102457659
2639;102189266;66806;102406985
2640;51605649;67566;103454336
2641;103244348;68107;103684654
2642;103425260;69648;111465246
2643;104076338;103077344;110451461
2644;103802772;67477;104611538
2645;103867089;68843;105400572
2646;104356242;69440;107737594
2647;104547527;69588;110396905
2648;104369261;74200;107999795
2649;104281044;103113542;108343639
2650;103967075;67818;110372179
2651;107187838;70595;188323140
2652;105377555;68574;205630756
2653;103524324;66315;114845303
2654;103825516;103564611;111374217
2655;103713628;69278;104761412
2656;103167005;67172;107574064
2657;51777380;66911;104034532
2658;103929980;68845;104277451
2659;104486218;67344;104888670
2660;104461282;68523;104796963
2661;104599172;68899;104998313
2662;105477782;104490241;108198188
2663;108409194;105891154;110902369
2664;106457966;69220;133663842
2665;111318086;105851641;125532461
2666;106850343;71198;109742113
2667;106910382;106050610;108776311
2668;107967858;73429;117926628
2669;105314368;71761;113475023
2670;105907391;104525254;114312898
2671;72682;69585;110622287
2672;106663962;69868;108537240
2673;106838285;69117;108093211
2674;106867416;106378976;109009714
2675;108255424;72240;116725413
2676;107276705;70901;110767407
2677;54138396;71704;140769302
2678;108912949;73484;124234626
2679;75983;71840;120249100
2680;118250572;70340;132446424
2681;106444253;69499;107000350
2682;106600291;70432;107166214
2683;106712860;106390655;108156378
2684;106500760;106344777;112665184
2685;106567816;68098;106876307
2686;106648401;106428094;106849299
2687;108892326;69011;115515201
2688;113832273;73769;146945031
2689;107726801;71362;111156503
2690;110380839;108488818;116983264
2691;112549183;109049746;120610278
2692;111642699;71903;126179935
2693;107118947;68337;115691624
2694;107039316;69459;108579811
2695;107016256;69269;107497414
2696;107080410;68528;107600337
2697;107145595;70925;107484251
2698;107164582;107003738;107489645
2699;107728123;68609;108296709
2700;107600952;107372772;107817730
2701;107685574;69855;109084830
2702;107858353;107549065;108128168
2703;53829996;68925;108097806
2704;107828497;68646;108942838
2705;107551274;69379;110127017
2706;71536;68613;107843410
2707;107888559;69736;108274622
2708;107959195;70773;108404161
2709;107927965;69109;108289585
2710;107850076;69487;108434591
2711;108165615;70658;108544672
2712;108033495;71683;108319542
2713;108000735;68722;108727526
2714;108024162;70679;113430333
2715;72511;68902;108695067
2716;71003;69048;108783675
2717;108331328;107825850;109325584
2718;109467645;109170080;109694394
2719;109641828;71245;109944773
2720;109695075;71515;110000690
2721;109392633;69114;109645964
2722;109729688;69765;110064427
2723;54791855;68879;109696715
2724;70231;68655;113418621
2725;109571538;69384;109916604
2726;109813973;69470;110001354
2727;109685747;70690;109980698
2728;109725255;71470;110011989
2729;109962215;109561798;110183925
2730;72262;69666;110181738
2731;110252080;71023;110939800
2732;110159040;69755;110538717
2733;110016141;69888;115307031
2734;110060036;73645;115048176
2735;110885647;110028352;112007120
2736;111681003;71940;113239485
2737;111538169;111296272;117811354
2738;124739906;112019370;156603531
2739;135247154;74702;171483762
2740;109941112;72023;134374405
2741;125498982;73117;167743052
2742;122669495;115018311;128446685
2743;111811297;110694162;114787724
2744;111455866;72064;113660349
2745;111517912;71788;113898135
2746;111727954;111545296;112215805
2747;55909594;70400;112385453
2748;111965256;71293;112362779
2749;111964684;111768684;112531413
2750;111904704;71348;116101973
2751;111668580;71883;112245213
2752;111799353;111500401;117153204
2753;55858160;70638;114036054
2754;111895651;70636;113934807
2755;112003157;72227;113867167
2756;113979865;113707575;117145013
2757;113674723;71798;117668992
2758;113800848;72320;117908993
2759;114006490;113771612;114321979
2760;73177;71381;114557302
2761;113932273;72426;114316058
2762;113929506;72451;116170637
2763;113792289;70849;119239811
2764;113939886;113795587;116223889
2765;114267247;72601;116036307
2766;114174285;113897284;117928668
2767;114308676;76481;116544689
2768;114295962;74680;121241645
2769;74493;70520;116014807
2770;114260519;113938137;116392478
2771;114316306;71344;116436618
2772;116682639;74562;122526500
2773;120863607;113728068;135339296
2774;115144818;113849932;117815087
2775;118977265;72237;119931718
2776;118824072;72446;119675047
2777;118764669;71226;120974879
2778;118829386;72083;121060063
2779;118818742;71591;120952559
2780;118892320;72862;128339128
2781;118936959;71906;121215870
2782;118987633;118772982;121139761
2783;119205940;118763697;121011840
2784;119114112;71859;121330610
2785;119134054;73846;121548635
2786;119351269;73474;120998954
2787;118551600;72350;121582937
2788;119309878;118593591;122173404
2789;119291709;73459;122859859
2790;119237804;71923;121038711
2791;119841888;73501;122130455
2792;59812232;74031;123275065
2793;119941931;74569;120447822
2794;120512259;73788;122349759
2795;76243;73310;120773693
2796;120147257;73826;122500162
2797;119707130;72381;123055362
2798;120089470;74246;120697334
2799;120922863;74330;125289465
2800;128571431;74112;152972341
2801;130996357;76898;156822170
2802;121419524;76220;129803344
2803;120525053;72568;123414813
2804;120518624;74713;122653381
2805;120606605;73798;122870701
2806;120654712;120375457;122878807
2807;120780552;120510005;122881235
2808;120725576;120550474;122867043
2809;120906755;72369;122821413
2810;120957665;73140;121515941
2811;121065675;75245;121403623
2812;120962540;74994;121373330
2813;121227214;121063113;121691286
2814;121767455;74599;122088515
2815;121970857;121763042;122193887
2816;76042;72631;123314492
2817;122025674;121813126;122310933
2818;77820;73470;126090945
2819;122011928;75134;122341111
2820;121925358;74608;124125875
2821;121846758;72331;123944663
2822;121860159;73668;124294664
2823;122042929;73456;124278658
2824;77546;73418;123075203
2825;122284715;73815;127119609
2826;124285339;122398839;128693043
2827;122719096;74671;124892718
2828;122560051;122457182;124886660
2829;122662802;122445206;123352177
2830;122561796;122278707;122992505
2831;122792033;74485;123320115
2832;122759450;73373;127259857
2833;129438886;125137343;137454588
2834;131236644;125081339;147606578
2835;124674555;76285;126108029
2836;124553388;74609;126966536
2837;124733379;74099;126862919
2838;124734162;73673;126988397
2839;124954244;124581557;126951823
2840;124870038;74412;125544198
2841;124788513;73327;127146612
2842;124679814;75595;127154036
2843;124712434;74249;127133556
2844;125039823;124773290;127283726
2845;125102473;124680662;127042093
2846;76076;73213;125704505
2847;125349788;74528;125620368
2848;124927126;124680794;127076232
2849;125473897;125280825;125701157
2850;125294733;73676;131809727
2851;125426810;76654;127175389
2852;125762635;75489;127808318
2853;62878622;73988;127988921
2854;126079342;80994;126561319
2855;126242493;125992760;128057803
2856;125997600;74390;126332527
2857;126083111;125714172;128110782
2858;126437464;126016637;128055671
2859;126048544;125856923;128179908
2860;126292767;77049;128296105
2861;126440714;77433;126829648
2862;81881;74988;132045811
2863;126203178;76681;131605170
2864;126429091;126226639;128694935
2865;126444966;126191764;128471380
2866;126683325;76903;128536672
2867;126747166;126541199;128286175
2868;126754937;126494247;129709525
2869;126587690;75120;128876201
2870;126464794;75276;128506823
2871;127131585;126800512;129190965
2872;126936643;74201;129111327
2873;127331877;76072;128892613
2874;127176730;76602;130128747
2875;127216797;74885;129315565
2876;127451863;77281;129259197
2877;127425045;76303;127636488
2878;127511776;77642;130814974
2879;127436865;127117984;129061712
2880;127323577;127183481;129394290
2881;127624158;77442;129603422
2882;63748851;75825;127790132
2883;127704998;127479400;130157200
2884;127183304;75508;128083545
2885;127324903;76989;129355597
2886;127598598;127372139;129915430
2887;127558362;75429;136761736
2888;127401631;76676;129512007
2889;127704119;74592;130002730
2890;79460;75838;132270285
2891;130078591;129914026;132164010
2892;131824203;129951184;141270273
2893;141779458;133625359;191241062
2894;130804056;128826426;172745922
2895;130515208;129720771;132534173
2896;130292962;76145;131979262
2897;65036889;77163;131901841
2898;130336737;129778165;133321221
2899;130185313;76131;132239547
2900;130621291;129652369;133489562
2901;130612635;130354724;132716352
2902;130271587;76314;132562471
2903;130778468;76611;131213511
2904;130911593;75318;131331016
2905;130918273;75893;131440087
2906;130983569;77707;132734029
2907;130738739;130504241;132865140
2908;131088522;78582;131522691
2909;130790367;76862;132844937
2910;79592;75429;133562313
2911;131363116;75979;133623786
2912;131550995;76154;134803996
2913;131499871;76694;133754674
2914;131712081;78598;132118827
2915;131796824;78454;133791918
2916;132142011;131879254;132277680
2917;131896743;77561;132446383
2918;132059132;131850249;133799267
2919;132058076;78464;132549723
2920;131954812;76442;132797728
2921;132064497;76700;133783341
2922;132052489;76763;134263992
2923;132200001;79197;134305381
2924;131997579;78039;134152997
2925;132281426;132028983;134452187
2926;132282087;76652;134169008
2927;132215059;78623;134173904
2928;132337987;76627;132737887
2929;135795227;135292694;137754041
2930;135611987;135411085;135980345
2931;79174;76430;136122093
2932;135680209;77349;136272178
2933;135844556;78069;137984084
2934;136439855;79366;136819865
2935;136125665;78625;138131110
2936;136848492;85294;156779581
2937;137411028;136357297;140378478
2938;138465800;80399;141330537
2939;136745520;79958;141246473
2940;136760587;78769;138731483
2941;135763570;77357;137145039
2942;135875692;78661;139592337
2943;136216199;79575;137209259
2944;136182563;78712;136662148
2945;136210642;135698303;136669838
2946;136493872;78153;136773010
2947;136035362;79257;138071612
2948;137363148;78143;140246555
2949;137567845;80002;139545367
2950;137387535;77254;139432351
2951;137211283;83621;139758261
2952;137380937;137113831;153783573
2953;137479556;78767;139479293
2954;137675881;79333;138355663
2955;137536759;137284637;139309716
2956;137417262;77887;138109134
2957;137743046;137218946;140110398
2958;68655239;77743;139849511
2959;137766900;80129;140410378
2960;137614284;78215;140955570
2961;137458749;78749;141505376
2962;137790394;80300;141527862
2963;68939763;79370;141566363
2964;137902642;79552;141949940
2965;137943550;78228;141442862
2966;138161112;80672;141545057
2967;138538768;138207541;141881988
2968;140090986;78603;142164895
2969;70059078;78065;142762454
2970;139915471;78511;143402518
2971;140513525;140077221;143968782
2972;140074870;139954566;143354859
2973;140327279;140161866;146425067
2974;140391999;79951;143923519
2975;140365929;78927;144035622
2976;140592249;80567;144797422
2977;141006927;140816959;141414779
2978;140390171;78232;142658744
2979;140379922;78364;142735329
2980;140963666;140620714;145064996
2981;140811748;140350013;142687467
2982;140653648;78320;142991130
2983;140733532;80972;144030694
2984;140858952;140636768;143016236
2985;140852064;140448208;143144839
2986;70443575;79318;143217834
2987;141762917;141458453;143818266
2988;141631632;78686;143811967
2989;141663429;80853;143880942
2990;141605265;78562;145268087
2991;141410805;79301;143664405
2992;141683861;79777;143945929
2993;141634701;79535;149717242
2994;141901795;79673;144184240
2995;141641386;80962;143876196
2996;142143458;141260702;144537258
2997;142421201;141116407;211231146
2998;141912869;80254;143995200
2999;142198964;141925864;144534842
3000;142534181;79797;145772935
